Submethod,PSNR,SSIM,LPIPS,Size [Bytes],#Gaussians
Baseline,17.53661728,0.779447019,0.347055882,884998144,3568545
,19.40202713,0.817175806,0.3138583,844963512.3,3407113
