Submethod,PSNR,SSIM,LPIPS,Size [Bytes],#Gaussians
Baseline,15.60790539,0.703940392,0.398457259,835337584.6,3368290
,16.02513695,0.704342365,0.393627644,849703075.8,3426235
