Submethod,PSNR,SSIM,LPIPS,Size [Bytes],#Gaussians
Baseline,22.60378647,0.765782118,0.37088266,341647032.3,1377615
,22.70046806,0.761263132,0.372863382,344551587.8,1389313
