Submethod,PSNR,SSIM,LPIPS,Size [Bytes],#Gaussians
Baseline,14.37556458,0.396413594,0.495654911,800986234.9,3229780
,14.46836758,0.379970253,0.487953991,763195555.8,3077388
