Submethod,PSNR,SSIM,LPIPS,Size [Bytes],#Gaussians
Baseline,17.37435532,0.805293322,0.322832406,173151354.9,698192
,17.59784698,0.809933305,0.325274765,175080734.7,705952
