Submethod,PSNR,SSIM,LPIPS,Size [Bytes],#Gaussians
Baseline,15.42733574,0.490227938,0.435589731,1236292076,4985058
,15.45620441,0.499574512,0.431878805,1214292951,4896345
