Submethod,PSNR,SSIM,LPIPS,Size [Bytes],#Gaussians
Baseline,26.46071815,0.829667032,0.286081493,355635036.2,1434025
,26.71376228,0.833274424,0.281712294,361140060.2,1456216
