Submethod,PSNR,SSIM,LPIPS,Size [Bytes],#Gaussians
Baseline,27.4475174,0.876014948,0.25743258,309319434.2,1247246
,27.19592476,0.872983813,0.258035332,313052364.8,1262298
