Submethod,PSNR,SSIM,LPIPS,Size [Bytes],#Gaussians
Baseline,20.75988007,0.780296981,0.276560545,409951273,1653027
,20.40294075,0.776602566,0.272293329,407738777.6,1644092
