Submethod,PSNR,SSIM,LPIPS,Size [Bytes],#Gaussians
Baseline,25.06400108,0.747040689,0.240248889,1556464271,6276054
,25.12158394,0.747914374,0.244340554,1408059310,5677644
