Submethod,PSNR,SSIM,LPIPS,Size [Bytes],#Gaussians
Baseline,32.31475449,0.946509063,0.18023923,319847137.3,1289692
,32.47714996,0.95010221,0.16658856,329525493.8,1328746
