Submethod,PSNR,SSIM,LPIPS,Size [Bytes],#Gaussians
Baseline,29.10391808,0.915232599,0.181373119,299924193.3,1209366
,29.15148544,0.917220533,0.174561828,292699504.6,1180219
