Submethod,PSNR,SSIM,LPIPS,Size [Bytes],#Gaussians
Baseline,21.44571877,0.5914886,0.351740956,943477227.5,3804355
,21.35391426,0.589819193,0.352616757,808902983.7,3261679
