Submethod,PSNR,SSIM,LPIPS,Size [Bytes],#Gaussians
Baseline,27.23822975,0.855030119,0.121553876,1459837993,5886426
,27.12190247,0.854436398,0.119427539,1228364841,4953084
