Submethod,PSNR,SSIM,LPIPS,Size [Bytes],#Gaussians
Baseline,31.22276497,0.931057751,0.117309771,429842759.7,1733247
,31.52673721,0.932370305,0.115075439,431960883.2,1741790
