Submethod,PSNR,SSIM,LPIPS,Size [Bytes],#Gaussians
Baseline,31.28110695,0.922523379,0.200879946,377676103.7,1522889
,31.69297218,0.924869835,0.197009131,329515008,1328679
