Submethod,PSNR,SSIM,LPIPS,Size [Bytes],#Gaussians
Baseline,26.64076614,0.772574306,0.234375477,1183664046,4772826
,26.60910416,0.770324588,0.239168838,1112067277,4484153
