Submethod,PSNR,SSIM,LPIPS,Size [Bytes],#Gaussians
Baseline,22.56472206,0.634812593,0.339756131,1025916273,4136754
,22.11814117,0.629052699,0.346725404,814082949.1,3282588
