Submethod,PSNR,SSIM,LPIPS,Size [Bytes],#Gaussians
Baseline,21.91499519,0.823102057,0.230635419,266768220,1075666
,21.49312401,0.815916955,0.239080429,259522560,1046465
