Submethod,PSNR,SSIM,LPIPS,Size [Bytes],#Gaussians
Baseline,26.26991844,0.901777327,0.138400272,448087982.1,1806784
,25.92964554,0.897741735,0.132989123,439835689,1773540
