Submethod,PSNR,SSIM,LPIPS,Size [Bytes],#Gaussians
Baseline,29.25110626,0.907489359,0.223799944,784796221.4,3164513
,29.27627754,0.906062722,0.227002591,749050265.6,3020344
