Submethod,PSNR,SSIM,LPIPS,Size [Bytes],#Gaussians
Baseline,30.33006096,0.918174982,0.219789669,496238592,2000956
,30.40084267,0.918608427,0.222872108,466092032,1879412
